Datum,Stanica,PM10,PM2.5,O3,SO2,CO,NO2,NOx,Benzén,Hg
2025-01-22 08:06:05.477086,x,znečisťujúca látka sa na tejto stanici nemeria
2025-01-22 08:06:05.477086,x,zlá,>100 - 180,>70 - 140,>180 - 240,>350 - 500,>10000 - 30000,>200 - 400
2025-01-22 08:06:05.477086,x,zhoršená,>40 - 100,>25 - 70,>65 - 180,>50 - 350,>2000 - 10000,>40 - 200
2025-01-22 08:06:05.477086,x,veľmi zlá,>180,>140,>240,>500,>30000,>400
2025-01-22 08:06:05.477086,x,veľmi dobrá,0 - 20,0 - 14,0 - 33,0 - 25,0 - 1000,0 - 20
2025-01-22 08:06:05.477086,x,dobrá,>20 - 40,>14 - 25,>33 - 65,>25- 50,>1000 - 2000,>20 - 40
2025-01-22 08:06:05.477086,\n\nHodnoty koncentrácie plynných ZL s výnimkou ortuti (Hg) sú uvedené v µg/m3 (mikrogramoch na meter kubický).\nHodnota ortuti (Hg) je uvedená v ng/m3 (nanogramoch na meter kubický).\nHodnoty všetkých plynných ZL sú prepočítané na štandardné stavové podmienky (teplota 20°C (29315 K) a tlak 101325 kPa).\nHodnoty koncentrácie aerosólov PM10 a PM25 sú uvedené v µg/m3 (mikrogramoch na meter kubický) pri podmienkach okolia.\nÚdaje sú nevalidované\n\n
2025-01-22 08:06:05.477086,PDL,pod detekčný limit
2025-01-22 08:06:05.477086,*,hodnoty pre túto znečisťujúcu látku nie sú momentálne dostupné
2025-01-22 08:06:05.477086,**,reinštalácia zariadenia
2025-01-22 07:06:05.857545,x,znečisťujúca látka sa na tejto stanici nemeria
2025-01-22 07:06:05.857545,x,zlá,>100 - 180,>70 - 140,>180 - 240,>350 - 500,>10000 - 30000,>200 - 400
2025-01-22 07:06:05.857545,x,zhoršená,>40 - 100,>25 - 70,>65 - 180,>50 - 350,>2000 - 10000,>40 - 200
2025-01-22 07:06:05.857545,x,veľmi zlá,>180,>140,>240,>500,>30000,>400
2025-01-22 07:06:05.857545,x,veľmi dobrá,0 - 20,0 - 14,0 - 33,0 - 25,0 - 1000,0 - 20
2025-01-22 07:06:05.857545,x,dobrá,>20 - 40,>14 - 25,>33 - 65,>25- 50,>1000 - 2000,>20 - 40
2025-01-22 07:06:05.857545,\n\nHodnoty koncentrácie plynných ZL s výnimkou ortuti (Hg) sú uvedené v µg/m3 (mikrogramoch na meter kubický).\nHodnota ortuti (Hg) je uvedená v ng/m3 (nanogramoch na meter kubický).\nHodnoty všetkých plynných ZL sú prepočítané na štandardné stavové podmienky (teplota 20°C (29315 K) a tlak 101325 kPa).\nHodnoty koncentrácie aerosólov PM10 a PM25 sú uvedené v µg/m3 (mikrogramoch na meter kubický) pri podmienkach okolia.\nÚdaje sú nevalidované\n\n
2025-01-22 07:06:05.857545,PDL,pod detekčný limit
2025-01-22 07:06:05.857545,*,hodnoty pre túto znečisťujúcu látku nie sú momentálne dostupné
2025-01-22 07:06:05.857545,**,reinštalácia zariadenia
2025-01-22 06:06:08.089428,x,znečisťujúca látka sa na tejto stanici nemeria
2025-01-22 06:06:08.089428,x,zlá,>100 - 180,>70 - 140,>180 - 240,>350 - 500,>10000 - 30000,>200 - 400
2025-01-22 06:06:08.089428,x,zhoršená,>40 - 100,>25 - 70,>65 - 180,>50 - 350,>2000 - 10000,>40 - 200
2025-01-22 06:06:08.089428,x,veľmi zlá,>180,>140,>240,>500,>30000,>400
2025-01-22 06:06:08.089428,x,veľmi dobrá,0 - 20,0 - 14,0 - 33,0 - 25,0 - 1000,0 - 20
2025-01-22 06:06:08.089428,x,dobrá,>20 - 40,>14 - 25,>33 - 65,>25- 50,>1000 - 2000,>20 - 40
2025-01-22 06:06:08.089428,\n\nHodnoty koncentrácie plynných ZL s výnimkou ortuti (Hg) sú uvedené v µg/m3 (mikrogramoch na meter kubický).\nHodnota ortuti (Hg) je uvedená v ng/m3 (nanogramoch na meter kubický).\nHodnoty všetkých plynných ZL sú prepočítané na štandardné stavové podmienky (teplota 20°C (29315 K) a tlak 101325 kPa).\nHodnoty koncentrácie aerosólov PM10 a PM25 sú uvedené v µg/m3 (mikrogramoch na meter kubický) pri podmienkach okolia.\nÚdaje sú nevalidované\n\n
2025-01-22 06:06:08.089428,PDL,pod detekčný limit
2025-01-22 06:06:08.089428,*,hodnoty pre túto znečisťujúcu látku nie sú momentálne dostupné
2025-01-22 06:06:08.089428,**,reinštalácia zariadenia
2025-01-22 05:06:06.709051,x,znečisťujúca látka sa na tejto stanici nemeria
2025-01-22 05:06:06.709051,x,zlá,>100 - 180,>70 - 140,>180 - 240,>350 - 500,>10000 - 30000,>200 - 400
2025-01-22 05:06:06.709051,x,zhoršená,>40 - 100,>25 - 70,>65 - 180,>50 - 350,>2000 - 10000,>40 - 200
2025-01-22 05:06:06.709051,x,veľmi zlá,>180,>140,>240,>500,>30000,>400
2025-01-22 05:06:06.709051,x,veľmi dobrá,0 - 20,0 - 14,0 - 33,0 - 25,0 - 1000,0 - 20
2025-01-22 05:06:06.709051,x,dobrá,>20 - 40,>14 - 25,>33 - 65,>25- 50,>1000 - 2000,>20 - 40
2025-01-22 05:06:06.709051,\n\nHodnoty koncentrácie plynných ZL s výnimkou ortuti (Hg) sú uvedené v µg/m3 (mikrogramoch na meter kubický).\nHodnota ortuti (Hg) je uvedená v ng/m3 (nanogramoch na meter kubický).\nHodnoty všetkých plynných ZL sú prepočítané na štandardné stavové podmienky (teplota 20°C (29315 K) a tlak 101325 kPa).\nHodnoty koncentrácie aerosólov PM10 a PM25 sú uvedené v µg/m3 (mikrogramoch na meter kubický) pri podmienkach okolia.\nÚdaje sú nevalidované\n\n
2025-01-22 05:06:06.709051,PDL,pod detekčný limit
2025-01-22 05:06:06.709051,*,hodnoty pre túto znečisťujúcu látku nie sú momentálne dostupné
2025-01-22 05:06:06.709051,**,reinštalácia zariadenia
2025-01-22 04:06:06.378559,x,znečisťujúca látka sa na tejto stanici nemeria
2025-01-22 04:06:06.378559,x,zlá,>100 - 180,>70 - 140,>180 - 240,>350 - 500,>10000 - 30000,>200 - 400
2025-01-22 04:06:06.378559,x,zhoršená,>40 - 100,>25 - 70,>65 - 180,>50 - 350,>2000 - 10000,>40 - 200
2025-01-22 04:06:06.378559,x,veľmi zlá,>180,>140,>240,>500,>30000,>400
2025-01-22 04:06:06.378559,x,veľmi dobrá,0 - 20,0 - 14,0 - 33,0 - 25,0 - 1000,0 - 20
2025-01-22 04:06:06.378559,x,dobrá,>20 - 40,>14 - 25,>33 - 65,>25- 50,>1000 - 2000,>20 - 40
2025-01-22 04:06:06.378559,\n\nHodnoty koncentrácie plynných ZL s výnimkou ortuti (Hg) sú uvedené v µg/m3 (mikrogramoch na meter kubický).\nHodnota ortuti (Hg) je uvedená v ng/m3 (nanogramoch na meter kubický).\nHodnoty všetkých plynných ZL sú prepočítané na štandardné stavové podmienky (teplota 20°C (29315 K) a tlak 101325 kPa).\nHodnoty koncentrácie aerosólov PM10 a PM25 sú uvedené v µg/m3 (mikrogramoch na meter kubický) pri podmienkach okolia.\nÚdaje sú nevalidované\n\n
2025-01-22 04:06:06.378559,PDL,pod detekčný limit
2025-01-22 04:06:06.378559,*,hodnoty pre túto znečisťujúcu látku nie sú momentálne dostupné
2025-01-22 04:06:06.378559,**,reinštalácia zariadenia
2025-01-22 03:06:04.903092,x,znečisťujúca látka sa na tejto stanici nemeria
2025-01-22 03:06:04.903092,x,zlá,>100 - 180,>70 - 140,>180 - 240,>350 - 500,>10000 - 30000,>200 - 400
2025-01-22 03:06:04.903092,x,zhoršená,>40 - 100,>25 - 70,>65 - 180,>50 - 350,>2000 - 10000,>40 - 200
2025-01-22 03:06:04.903092,x,veľmi zlá,>180,>140,>240,>500,>30000,>400
2025-01-22 03:06:04.903092,x,veľmi dobrá,0 - 20,0 - 14,0 - 33,0 - 25,0 - 1000,0 - 20
2025-01-22 03:06:04.903092,x,dobrá,>20 - 40,>14 - 25,>33 - 65,>25- 50,>1000 - 2000,>20 - 40
2025-01-22 03:06:04.903092,\n\nHodnoty koncentrácie plynných ZL s výnimkou ortuti (Hg) sú uvedené v µg/m3 (mikrogramoch na meter kubický).\nHodnota ortuti (Hg) je uvedená v ng/m3 (nanogramoch na meter kubický).\nHodnoty všetkých plynných ZL sú prepočítané na štandardné stavové podmienky (teplota 20°C (29315 K) a tlak 101325 kPa).\nHodnoty koncentrácie aerosólov PM10 a PM25 sú uvedené v µg/m3 (mikrogramoch na meter kubický) pri podmienkach okolia.\nÚdaje sú nevalidované\n\n
2025-01-22 03:06:04.903092,PDL,pod detekčný limit
2025-01-22 03:06:04.903092,*,hodnoty pre túto znečisťujúcu látku nie sú momentálne dostupné
2025-01-22 03:06:04.903092,**,reinštalácia zariadenia
2025-01-22 02:06:06.811590,x,znečisťujúca látka sa na tejto stanici nemeria
2025-01-22 02:06:06.811590,x,zlá,>100 - 180,>70 - 140,>180 - 240,>350 - 500,>10000 - 30000,>200 - 400
2025-01-22 02:06:06.811590,x,zhoršená,>40 - 100,>25 - 70,>65 - 180,>50 - 350,>2000 - 10000,>40 - 200
2025-01-22 02:06:06.811590,x,veľmi zlá,>180,>140,>240,>500,>30000,>400
2025-01-22 02:06:06.811590,x,veľmi dobrá,0 - 20,0 - 14,0 - 33,0 - 25,0 - 1000,0 - 20
2025-01-22 02:06:06.811590,x,dobrá,>20 - 40,>14 - 25,>33 - 65,>25- 50,>1000 - 2000,>20 - 40
2025-01-22 02:06:06.811590,\n\nHodnoty koncentrácie plynných ZL s výnimkou ortuti (Hg) sú uvedené v µg/m3 (mikrogramoch na meter kubický).\nHodnota ortuti (Hg) je uvedená v ng/m3 (nanogramoch na meter kubický).\nHodnoty všetkých plynných ZL sú prepočítané na štandardné stavové podmienky (teplota 20°C (29315 K) a tlak 101325 kPa).\nHodnoty koncentrácie aerosólov PM10 a PM25 sú uvedené v µg/m3 (mikrogramoch na meter kubický) pri podmienkach okolia.\nÚdaje sú nevalidované\n\n
2025-01-22 02:06:06.811590,PDL,pod detekčný limit
2025-01-22 02:06:06.811590,*,hodnoty pre túto znečisťujúcu látku nie sú momentálne dostupné
2025-01-22 02:06:06.811590,**,reinštalácia zariadenia
2025-01-22 01:06:06.328263,x,znečisťujúca látka sa na tejto stanici nemeria
2025-01-22 01:06:06.328263,x,zlá,>100 - 180,>70 - 140,>180 - 240,>350 - 500,>10000 - 30000,>200 - 400
2025-01-22 01:06:06.328263,x,zhoršená,>40 - 100,>25 - 70,>65 - 180,>50 - 350,>2000 - 10000,>40 - 200
2025-01-22 01:06:06.328263,x,veľmi zlá,>180,>140,>240,>500,>30000,>400
2025-01-22 01:06:06.328263,x,veľmi dobrá,0 - 20,0 - 14,0 - 33,0 - 25,0 - 1000,0 - 20
2025-01-22 01:06:06.328263,x,dobrá,>20 - 40,>14 - 25,>33 - 65,>25- 50,>1000 - 2000,>20 - 40
2025-01-22 01:06:06.328263,\n\nHodnoty koncentrácie plynných ZL s výnimkou ortuti (Hg) sú uvedené v µg/m3 (mikrogramoch na meter kubický).\nHodnota ortuti (Hg) je uvedená v ng/m3 (nanogramoch na meter kubický).\nHodnoty všetkých plynných ZL sú prepočítané na štandardné stavové podmienky (teplota 20°C (29315 K) a tlak 101325 kPa).\nHodnoty koncentrácie aerosólov PM10 a PM25 sú uvedené v µg/m3 (mikrogramoch na meter kubický) pri podmienkach okolia.\nÚdaje sú nevalidované\n\n
2025-01-22 01:06:06.328263,PDL,pod detekčný limit
2025-01-22 01:06:06.328263,*,hodnoty pre túto znečisťujúcu látku nie sú momentálne dostupné
2025-01-22 01:06:06.328263,**,reinštalácia zariadenia
2025-01-22 00:06:06.155270,x,znečisťujúca látka sa na tejto stanici nemeria
2025-01-22 00:06:06.155270,x,zlá,>100 - 180,>70 - 140,>180 - 240,>350 - 500,>10000 - 30000,>200 - 400
2025-01-22 00:06:06.155270,x,zhoršená,>40 - 100,>25 - 70,>65 - 180,>50 - 350,>2000 - 10000,>40 - 200
2025-01-22 00:06:06.155270,x,veľmi zlá,>180,>140,>240,>500,>30000,>400
2025-01-22 00:06:06.155270,x,veľmi dobrá,0 - 20,0 - 14,0 - 33,0 - 25,0 - 1000,0 - 20
2025-01-22 00:06:06.155270,x,dobrá,>20 - 40,>14 - 25,>33 - 65,>25- 50,>1000 - 2000,>20 - 40
2025-01-22 00:06:06.155270,\n\nHodnoty koncentrácie plynných ZL s výnimkou ortuti (Hg) sú uvedené v µg/m3 (mikrogramoch na meter kubický).\nHodnota ortuti (Hg) je uvedená v ng/m3 (nanogramoch na meter kubický).\nHodnoty všetkých plynných ZL sú prepočítané na štandardné stavové podmienky (teplota 20°C (29315 K) a tlak 101325 kPa).\nHodnoty koncentrácie aerosólov PM10 a PM25 sú uvedené v µg/m3 (mikrogramoch na meter kubický) pri podmienkach okolia.\nÚdaje sú nevalidované\n\n
2025-01-22 00:06:06.155270,PDL,pod detekčný limit
2025-01-22 00:06:06.155270,*,hodnoty pre túto znečisťujúcu látku nie sú momentálne dostupné
2025-01-22 00:06:06.155270,**,reinštalácia zariadenia
2025-01-21 23:06:06.399032,x,znečisťujúca látka sa na tejto stanici nemeria
2025-01-21 23:06:06.399032,x,zlá,>100 - 180,>70 - 140,>180 - 240,>350 - 500,>10000 - 30000,>200 - 400
2025-01-21 23:06:06.399032,x,zhoršená,>40 - 100,>25 - 70,>65 - 180,>50 - 350,>2000 - 10000,>40 - 200
2025-01-21 23:06:06.399032,x,veľmi zlá,>180,>140,>240,>500,>30000,>400
2025-01-21 23:06:06.399032,x,veľmi dobrá,0 - 20,0 - 14,0 - 33,0 - 25,0 - 1000,0 - 20
2025-01-21 23:06:06.399032,x,dobrá,>20 - 40,>14 - 25,>33 - 65,>25- 50,>1000 - 2000,>20 - 40
2025-01-21 23:06:06.399032,\n\nHodnoty koncentrácie plynných ZL s výnimkou ortuti (Hg) sú uvedené v µg/m3 (mikrogramoch na meter kubický).\nHodnota ortuti (Hg) je uvedená v ng/m3 (nanogramoch na meter kubický).\nHodnoty všetkých plynných ZL sú prepočítané na štandardné stavové podmienky (teplota 20°C (29315 K) a tlak 101325 kPa).\nHodnoty koncentrácie aerosólov PM10 a PM25 sú uvedené v µg/m3 (mikrogramoch na meter kubický) pri podmienkach okolia.\nÚdaje sú nevalidované\n\n
2025-01-21 23:06:06.399032,PDL,pod detekčný limit
2025-01-21 23:06:06.399032,*,hodnoty pre túto znečisťujúcu látku nie sú momentálne dostupné
2025-01-21 23:06:06.399032,**,reinštalácia zariadenia
2025-01-21 22:06:05.633726,x,znečisťujúca látka sa na tejto stanici nemeria
2025-01-21 22:06:05.633726,x,zlá,>100 - 180,>70 - 140,>180 - 240,>350 - 500,>10000 - 30000,>200 - 400
2025-01-21 22:06:05.633726,x,zhoršená,>40 - 100,>25 - 70,>65 - 180,>50 - 350,>2000 - 10000,>40 - 200
2025-01-21 22:06:05.633726,x,veľmi zlá,>180,>140,>240,>500,>30000,>400
2025-01-21 22:06:05.633726,x,veľmi dobrá,0 - 20,0 - 14,0 - 33,0 - 25,0 - 1000,0 - 20
2025-01-21 22:06:05.633726,x,dobrá,>20 - 40,>14 - 25,>33 - 65,>25- 50,>1000 - 2000,>20 - 40
2025-01-21 22:06:05.633726,\n\nHodnoty koncentrácie plynných ZL s výnimkou ortuti (Hg) sú uvedené v µg/m3 (mikrogramoch na meter kubický).\nHodnota ortuti (Hg) je uvedená v ng/m3 (nanogramoch na meter kubický).\nHodnoty všetkých plynných ZL sú prepočítané na štandardné stavové podmienky (teplota 20°C (29315 K) a tlak 101325 kPa).\nHodnoty koncentrácie aerosólov PM10 a PM25 sú uvedené v µg/m3 (mikrogramoch na meter kubický) pri podmienkach okolia.\nÚdaje sú nevalidované\n\n
2025-01-21 22:06:05.633726,PDL,pod detekčný limit
2025-01-21 22:06:05.633726,*,hodnoty pre túto znečisťujúcu látku nie sú momentálne dostupné
2025-01-21 22:06:05.633726,**,reinštalácia zariadenia
2025-01-21 21:06:06.621572,x,znečisťujúca látka sa na tejto stanici nemeria
2025-01-21 21:06:06.621572,x,zlá,>100 - 180,>70 - 140,>180 - 240,>350 - 500,>10000 - 30000,>200 - 400
2025-01-21 21:06:06.621572,x,zhoršená,>40 - 100,>25 - 70,>65 - 180,>50 - 350,>2000 - 10000,>40 - 200
2025-01-21 21:06:06.621572,x,veľmi zlá,>180,>140,>240,>500,>30000,>400
2025-01-21 21:06:06.621572,x,veľmi dobrá,0 - 20,0 - 14,0 - 33,0 - 25,0 - 1000,0 - 20
2025-01-21 21:06:06.621572,x,dobrá,>20 - 40,>14 - 25,>33 - 65,>25- 50,>1000 - 2000,>20 - 40
2025-01-21 21:06:06.621572,\n\nHodnoty koncentrácie plynných ZL s výnimkou ortuti (Hg) sú uvedené v µg/m3 (mikrogramoch na meter kubický).\nHodnota ortuti (Hg) je uvedená v ng/m3 (nanogramoch na meter kubický).\nHodnoty všetkých plynných ZL sú prepočítané na štandardné stavové podmienky (teplota 20°C (29315 K) a tlak 101325 kPa).\nHodnoty koncentrácie aerosólov PM10 a PM25 sú uvedené v µg/m3 (mikrogramoch na meter kubický) pri podmienkach okolia.\nÚdaje sú nevalidované\n\n
2025-01-21 21:06:06.621572,PDL,pod detekčný limit
2025-01-21 21:06:06.621572,*,hodnoty pre túto znečisťujúcu látku nie sú momentálne dostupné
2025-01-21 21:06:06.621572,**,reinštalácia zariadenia
2025-01-21 20:06:08.179950,x,znečisťujúca látka sa na tejto stanici nemeria
2025-01-21 20:06:08.179950,x,zlá,>100 - 180,>70 - 140,>180 - 240,>350 - 500,>10000 - 30000,>200 - 400
2025-01-21 20:06:08.179950,x,zhoršená,>40 - 100,>25 - 70,>65 - 180,>50 - 350,>2000 - 10000,>40 - 200
2025-01-21 20:06:08.179950,x,veľmi zlá,>180,>140,>240,>500,>30000,>400
2025-01-21 20:06:08.179950,x,veľmi dobrá,0 - 20,0 - 14,0 - 33,0 - 25,0 - 1000,0 - 20
2025-01-21 20:06:08.179950,x,dobrá,>20 - 40,>14 - 25,>33 - 65,>25- 50,>1000 - 2000,>20 - 40
2025-01-21 20:06:08.179950,\n\nHodnoty koncentrácie plynných ZL s výnimkou ortuti (Hg) sú uvedené v µg/m3 (mikrogramoch na meter kubický).\nHodnota ortuti (Hg) je uvedená v ng/m3 (nanogramoch na meter kubický).\nHodnoty všetkých plynných ZL sú prepočítané na štandardné stavové podmienky (teplota 20°C (29315 K) a tlak 101325 kPa).\nHodnoty koncentrácie aerosólov PM10 a PM25 sú uvedené v µg/m3 (mikrogramoch na meter kubický) pri podmienkach okolia.\nÚdaje sú nevalidované\n\n
2025-01-21 20:06:08.179950,PDL,pod detekčný limit
2025-01-21 20:06:08.179950,*,hodnoty pre túto znečisťujúcu látku nie sú momentálne dostupné
2025-01-21 20:06:08.179950,**,reinštalácia zariadenia
2025-01-21 19:06:07.000772,x,znečisťujúca látka sa na tejto stanici nemeria
2025-01-21 19:06:07.000772,x,zlá,>100 - 180,>70 - 140,>180 - 240,>350 - 500,>10000 - 30000,>200 - 400
2025-01-21 19:06:07.000772,x,zhoršená,>40 - 100,>25 - 70,>65 - 180,>50 - 350,>2000 - 10000,>40 - 200
2025-01-21 19:06:07.000772,x,veľmi zlá,>180,>140,>240,>500,>30000,>400
2025-01-21 19:06:07.000772,x,veľmi dobrá,0 - 20,0 - 14,0 - 33,0 - 25,0 - 1000,0 - 20
2025-01-21 19:06:07.000772,x,dobrá,>20 - 40,>14 - 25,>33 - 65,>25- 50,>1000 - 2000,>20 - 40
2025-01-21 19:06:07.000772,\n\nHodnoty koncentrácie plynných ZL s výnimkou ortuti (Hg) sú uvedené v µg/m3 (mikrogramoch na meter kubický).\nHodnota ortuti (Hg) je uvedená v ng/m3 (nanogramoch na meter kubický).\nHodnoty všetkých plynných ZL sú prepočítané na štandardné stavové podmienky (teplota 20°C (29315 K) a tlak 101325 kPa).\nHodnoty koncentrácie aerosólov PM10 a PM25 sú uvedené v µg/m3 (mikrogramoch na meter kubický) pri podmienkach okolia.\nÚdaje sú nevalidované\n\n
2025-01-21 19:06:07.000772,PDL,pod detekčný limit
2025-01-21 19:06:07.000772,*,hodnoty pre túto znečisťujúcu látku nie sú momentálne dostupné
2025-01-21 19:06:07.000772,**,reinštalácia zariadenia
2025-01-21 18:06:06.444952,x,znečisťujúca látka sa na tejto stanici nemeria
2025-01-21 18:06:06.444952,x,zlá,>100 - 180,>70 - 140,>180 - 240,>350 - 500,>10000 - 30000,>200 - 400
2025-01-21 18:06:06.444952,x,zhoršená,>40 - 100,>25 - 70,>65 - 180,>50 - 350,>2000 - 10000,>40 - 200
2025-01-21 18:06:06.444952,x,veľmi zlá,>180,>140,>240,>500,>30000,>400
2025-01-21 18:06:06.444952,x,veľmi dobrá,0 - 20,0 - 14,0 - 33,0 - 25,0 - 1000,0 - 20
2025-01-21 18:06:06.444952,x,dobrá,>20 - 40,>14 - 25,>33 - 65,>25- 50,>1000 - 2000,>20 - 40
2025-01-21 18:06:06.444952,\n\nHodnoty koncentrácie plynných ZL s výnimkou ortuti (Hg) sú uvedené v µg/m3 (mikrogramoch na meter kubický).\nHodnota ortuti (Hg) je uvedená v ng/m3 (nanogramoch na meter kubický).\nHodnoty všetkých plynných ZL sú prepočítané na štandardné stavové podmienky (teplota 20°C (29315 K) a tlak 101325 kPa).\nHodnoty koncentrácie aerosólov PM10 a PM25 sú uvedené v µg/m3 (mikrogramoch na meter kubický) pri podmienkach okolia.\nÚdaje sú nevalidované\n\n
2025-01-21 18:06:06.444952,PDL,pod detekčný limit
2025-01-21 18:06:06.444952,*,hodnoty pre túto znečisťujúcu látku nie sú momentálne dostupné
2025-01-21 18:06:06.444952,**,reinštalácia zariadenia
2025-01-21 17:06:06.337227,x,znečisťujúca látka sa na tejto stanici nemeria
2025-01-21 17:06:06.337227,x,zlá,>100 - 180,>70 - 140,>180 - 240,>350 - 500,>10000 - 30000,>200 - 400
2025-01-21 17:06:06.337227,x,zhoršená,>40 - 100,>25 - 70,>65 - 180,>50 - 350,>2000 - 10000,>40 - 200
2025-01-21 17:06:06.337227,x,veľmi zlá,>180,>140,>240,>500,>30000,>400
2025-01-21 17:06:06.337227,x,veľmi dobrá,0 - 20,0 - 14,0 - 33,0 - 25,0 - 1000,0 - 20
2025-01-21 17:06:06.337227,x,dobrá,>20 - 40,>14 - 25,>33 - 65,>25- 50,>1000 - 2000,>20 - 40
2025-01-21 17:06:06.337227,\n\nHodnoty koncentrácie plynných ZL s výnimkou ortuti (Hg) sú uvedené v µg/m3 (mikrogramoch na meter kubický).\nHodnota ortuti (Hg) je uvedená v ng/m3 (nanogramoch na meter kubický).\nHodnoty všetkých plynných ZL sú prepočítané na štandardné stavové podmienky (teplota 20°C (29315 K) a tlak 101325 kPa).\nHodnoty koncentrácie aerosólov PM10 a PM25 sú uvedené v µg/m3 (mikrogramoch na meter kubický) pri podmienkach okolia.\nÚdaje sú nevalidované\n\n
2025-01-21 17:06:06.337227,PDL,pod detekčný limit
2025-01-21 17:06:06.337227,*,hodnoty pre túto znečisťujúcu látku nie sú momentálne dostupné
2025-01-21 17:06:06.337227,**,reinštalácia zariadenia
2025-01-21 16:06:07.140134,x,znečisťujúca látka sa na tejto stanici nemeria
2025-01-21 16:06:07.140134,x,zlá,>100 - 180,>70 - 140,>180 - 240,>350 - 500,>10000 - 30000,>200 - 400
2025-01-21 16:06:07.140134,x,zhoršená,>40 - 100,>25 - 70,>65 - 180,>50 - 350,>2000 - 10000,>40 - 200
2025-01-21 16:06:07.140134,x,veľmi zlá,>180,>140,>240,>500,>30000,>400
2025-01-21 16:06:07.140134,x,veľmi dobrá,0 - 20,0 - 14,0 - 33,0 - 25,0 - 1000,0 - 20
2025-01-21 16:06:07.140134,x,dobrá,>20 - 40,>14 - 25,>33 - 65,>25- 50,>1000 - 2000,>20 - 40
2025-01-21 16:06:07.140134,\n\nHodnoty koncentrácie plynných ZL s výnimkou ortuti (Hg) sú uvedené v µg/m3 (mikrogramoch na meter kubický).\nHodnota ortuti (Hg) je uvedená v ng/m3 (nanogramoch na meter kubický).\nHodnoty všetkých plynných ZL sú prepočítané na štandardné stavové podmienky (teplota 20°C (29315 K) a tlak 101325 kPa).\nHodnoty koncentrácie aerosólov PM10 a PM25 sú uvedené v µg/m3 (mikrogramoch na meter kubický) pri podmienkach okolia.\nÚdaje sú nevalidované\n\n
2025-01-21 16:06:07.140134,PDL,pod detekčný limit
2025-01-21 16:06:07.140134,*,hodnoty pre túto znečisťujúcu látku nie sú momentálne dostupné
2025-01-21 16:06:07.140134,**,reinštalácia zariadenia
2025-01-21 15:06:07.023653,x,znečisťujúca látka sa na tejto stanici nemeria
2025-01-21 15:06:07.023653,x,zlá,>100 - 180,>70 - 140,>180 - 240,>350 - 500,>10000 - 30000,>200 - 400
2025-01-21 15:06:07.023653,x,zhoršená,>40 - 100,>25 - 70,>65 - 180,>50 - 350,>2000 - 10000,>40 - 200
2025-01-21 15:06:07.023653,x,veľmi zlá,>180,>140,>240,>500,>30000,>400
2025-01-21 15:06:07.023653,x,veľmi dobrá,0 - 20,0 - 14,0 - 33,0 - 25,0 - 1000,0 - 20
2025-01-21 15:06:07.023653,x,dobrá,>20 - 40,>14 - 25,>33 - 65,>25- 50,>1000 - 2000,>20 - 40
2025-01-21 15:06:07.023653,\n\nHodnoty koncentrácie plynných ZL s výnimkou ortuti (Hg) sú uvedené v µg/m3 (mikrogramoch na meter kubický).\nHodnota ortuti (Hg) je uvedená v ng/m3 (nanogramoch na meter kubický).\nHodnoty všetkých plynných ZL sú prepočítané na štandardné stavové podmienky (teplota 20°C (29315 K) a tlak 101325 kPa).\nHodnoty koncentrácie aerosólov PM10 a PM25 sú uvedené v µg/m3 (mikrogramoch na meter kubický) pri podmienkach okolia.\nÚdaje sú nevalidované\n\n
2025-01-21 15:06:07.023653,PDL,pod detekčný limit
2025-01-21 15:06:07.023653,*,hodnoty pre túto znečisťujúcu látku nie sú momentálne dostupné
2025-01-21 15:06:07.023653,**,reinštalácia zariadenia
2025-01-21 14:06:05.394199,x,znečisťujúca látka sa na tejto stanici nemeria
2025-01-21 14:06:05.394199,x,zlá,>100 - 180,>70 - 140,>180 - 240,>350 - 500,>10000 - 30000,>200 - 400
2025-01-21 14:06:05.394199,x,zhoršená,>40 - 100,>25 - 70,>65 - 180,>50 - 350,>2000 - 10000,>40 - 200
2025-01-21 14:06:05.394199,x,veľmi zlá,>180,>140,>240,>500,>30000,>400
2025-01-21 14:06:05.394199,x,veľmi dobrá,0 - 20,0 - 14,0 - 33,0 - 25,0 - 1000,0 - 20
2025-01-21 14:06:05.394199,x,dobrá,>20 - 40,>14 - 25,>33 - 65,>25- 50,>1000 - 2000,>20 - 40
2025-01-21 14:06:05.394199,\n\nHodnoty koncentrácie plynných ZL s výnimkou ortuti (Hg) sú uvedené v µg/m3 (mikrogramoch na meter kubický).\nHodnota ortuti (Hg) je uvedená v ng/m3 (nanogramoch na meter kubický).\nHodnoty všetkých plynných ZL sú prepočítané na štandardné stavové podmienky (teplota 20°C (29315 K) a tlak 101325 kPa).\nHodnoty koncentrácie aerosólov PM10 a PM25 sú uvedené v µg/m3 (mikrogramoch na meter kubický) pri podmienkach okolia.\nÚdaje sú nevalidované\n\n
2025-01-21 14:06:05.394199,PDL,pod detekčný limit
2025-01-21 14:06:05.394199,*,hodnoty pre túto znečisťujúcu látku nie sú momentálne dostupné
2025-01-21 14:06:05.394199,**,reinštalácia zariadenia
2025-01-21 13:06:05.569044,x,znečisťujúca látka sa na tejto stanici nemeria
2025-01-21 13:06:05.569044,x,zlá,>100 - 180,>70 - 140,>180 - 240,>350 - 500,>10000 - 30000,>200 - 400
2025-01-21 13:06:05.569044,x,zhoršená,>40 - 100,>25 - 70,>65 - 180,>50 - 350,>2000 - 10000,>40 - 200
2025-01-21 13:06:05.569044,x,veľmi zlá,>180,>140,>240,>500,>30000,>400
2025-01-21 13:06:05.569044,x,veľmi dobrá,0 - 20,0 - 14,0 - 33,0 - 25,0 - 1000,0 - 20
2025-01-21 13:06:05.569044,x,dobrá,>20 - 40,>14 - 25,>33 - 65,>25- 50,>1000 - 2000,>20 - 40
2025-01-21 13:06:05.569044,\n\nHodnoty koncentrácie plynných ZL s výnimkou ortuti (Hg) sú uvedené v µg/m3 (mikrogramoch na meter kubický).\nHodnota ortuti (Hg) je uvedená v ng/m3 (nanogramoch na meter kubický).\nHodnoty všetkých plynných ZL sú prepočítané na štandardné stavové podmienky (teplota 20°C (29315 K) a tlak 101325 kPa).\nHodnoty koncentrácie aerosólov PM10 a PM25 sú uvedené v µg/m3 (mikrogramoch na meter kubický) pri podmienkach okolia.\nÚdaje sú nevalidované\n\n
2025-01-21 13:06:05.569044,PDL,pod detekčný limit
2025-01-21 13:06:05.569044,*,hodnoty pre túto znečisťujúcu látku nie sú momentálne dostupné
2025-01-21 13:06:05.569044,**,reinštalácia zariadenia
2025-01-21 12:06:07.259668,x,znečisťujúca látka sa na tejto stanici nemeria
2025-01-21 12:06:07.259668,x,zlá,>100 - 180,>70 - 140,>180 - 240,>350 - 500,>10000 - 30000,>200 - 400
2025-01-21 12:06:07.259668,x,zhoršená,>40 - 100,>25 - 70,>65 - 180,>50 - 350,>2000 - 10000,>40 - 200
2025-01-21 12:06:07.259668,x,veľmi zlá,>180,>140,>240,>500,>30000,>400
2025-01-21 12:06:07.259668,x,veľmi dobrá,0 - 20,0 - 14,0 - 33,0 - 25,0 - 1000,0 - 20
2025-01-21 12:06:07.259668,x,dobrá,>20 - 40,>14 - 25,>33 - 65,>25- 50,>1000 - 2000,>20 - 40
2025-01-21 12:06:07.259668,\n\nHodnoty koncentrácie plynných ZL s výnimkou ortuti (Hg) sú uvedené v µg/m3 (mikrogramoch na meter kubický).\nHodnota ortuti (Hg) je uvedená v ng/m3 (nanogramoch na meter kubický).\nHodnoty všetkých plynných ZL sú prepočítané na štandardné stavové podmienky (teplota 20°C (29315 K) a tlak 101325 kPa).\nHodnoty koncentrácie aerosólov PM10 a PM25 sú uvedené v µg/m3 (mikrogramoch na meter kubický) pri podmienkach okolia.\nÚdaje sú nevalidované\n\n
2025-01-21 12:06:07.259668,PDL,pod detekčný limit
2025-01-21 12:06:07.259668,*,hodnoty pre túto znečisťujúcu látku nie sú momentálne dostupné
2025-01-21 12:06:07.259668,**,reinštalácia zariadenia
2025-01-21 11:06:04.735255,x,znečisťujúca látka sa na tejto stanici nemeria
2025-01-21 11:06:04.735255,x,zlá,>100 - 180,>70 - 140,>180 - 240,>350 - 500,>10000 - 30000,>200 - 400
2025-01-21 11:06:04.735255,x,zhoršená,>40 - 100,>25 - 70,>65 - 180,>50 - 350,>2000 - 10000,>40 - 200
2025-01-21 11:06:04.735255,x,veľmi zlá,>180,>140,>240,>500,>30000,>400
2025-01-21 11:06:04.735255,x,veľmi dobrá,0 - 20,0 - 14,0 - 33,0 - 25,0 - 1000,0 - 20
2025-01-21 11:06:04.735255,x,dobrá,>20 - 40,>14 - 25,>33 - 65,>25- 50,>1000 - 2000,>20 - 40
2025-01-21 11:06:04.735255,\n\nHodnoty koncentrácie plynných ZL s výnimkou ortuti (Hg) sú uvedené v µg/m3 (mikrogramoch na meter kubický).\nHodnota ortuti (Hg) je uvedená v ng/m3 (nanogramoch na meter kubický).\nHodnoty všetkých plynných ZL sú prepočítané na štandardné stavové podmienky (teplota 20°C (29315 K) a tlak 101325 kPa).\nHodnoty koncentrácie aerosólov PM10 a PM25 sú uvedené v µg/m3 (mikrogramoch na meter kubický) pri podmienkach okolia.\nÚdaje sú nevalidované\n\n
2025-01-21 11:06:04.735255,PDL,pod detekčný limit
2025-01-21 11:06:04.735255,*,hodnoty pre túto znečisťujúcu látku nie sú momentálne dostupné
2025-01-21 11:06:04.735255,**,reinštalácia zariadenia
2025-01-21 10:06:05.317512,x,znečisťujúca látka sa na tejto stanici nemeria
2025-01-21 10:06:05.317512,x,zlá,>100 - 180,>70 - 140,>180 - 240,>350 - 500,>10000 - 30000,>200 - 400
2025-01-21 10:06:05.317512,x,zhoršená,>40 - 100,>25 - 70,>65 - 180,>50 - 350,>2000 - 10000,>40 - 200
2025-01-21 10:06:05.317512,x,veľmi zlá,>180,>140,>240,>500,>30000,>400
2025-01-21 10:06:05.317512,x,veľmi dobrá,0 - 20,0 - 14,0 - 33,0 - 25,0 - 1000,0 - 20
2025-01-21 10:06:05.317512,x,dobrá,>20 - 40,>14 - 25,>33 - 65,>25- 50,>1000 - 2000,>20 - 40
2025-01-21 10:06:05.317512,\n\nHodnoty koncentrácie plynných ZL s výnimkou ortuti (Hg) sú uvedené v µg/m3 (mikrogramoch na meter kubický).\nHodnota ortuti (Hg) je uvedená v ng/m3 (nanogramoch na meter kubický).\nHodnoty všetkých plynných ZL sú prepočítané na štandardné stavové podmienky (teplota 20°C (29315 K) a tlak 101325 kPa).\nHodnoty koncentrácie aerosólov PM10 a PM25 sú uvedené v µg/m3 (mikrogramoch na meter kubický) pri podmienkach okolia.\nÚdaje sú nevalidované\n\n
2025-01-21 10:06:05.317512,PDL,pod detekčný limit
2025-01-21 10:06:05.317512,*,hodnoty pre túto znečisťujúcu látku nie sú momentálne dostupné
2025-01-21 10:06:05.317512,**,reinštalácia zariadenia
2025-01-21 09:06:06.104746,x,znečisťujúca látka sa na tejto stanici nemeria
2025-01-21 09:06:06.104746,x,zlá,>100 - 180,>70 - 140,>180 - 240,>350 - 500,>10000 - 30000,>200 - 400
2025-01-21 09:06:06.104746,x,zhoršená,>40 - 100,>25 - 70,>65 - 180,>50 - 350,>2000 - 10000,>40 - 200
2025-01-21 09:06:06.104746,x,veľmi zlá,>180,>140,>240,>500,>30000,>400
2025-01-21 09:06:06.104746,x,veľmi dobrá,0 - 20,0 - 14,0 - 33,0 - 25,0 - 1000,0 - 20
2025-01-21 09:06:06.104746,x,dobrá,>20 - 40,>14 - 25,>33 - 65,>25- 50,>1000 - 2000,>20 - 40
2025-01-21 09:06:06.104746,\n\nHodnoty koncentrácie plynných ZL s výnimkou ortuti (Hg) sú uvedené v µg/m3 (mikrogramoch na meter kubický).\nHodnota ortuti (Hg) je uvedená v ng/m3 (nanogramoch na meter kubický).\nHodnoty všetkých plynných ZL sú prepočítané na štandardné stavové podmienky (teplota 20°C (29315 K) a tlak 101325 kPa).\nHodnoty koncentrácie aerosólov PM10 a PM25 sú uvedené v µg/m3 (mikrogramoch na meter kubický) pri podmienkach okolia.\nÚdaje sú nevalidované\n\n
2025-01-21 09:06:06.104746,PDL,pod detekčný limit
2025-01-21 09:06:06.104746,*,hodnoty pre túto znečisťujúcu látku nie sú momentálne dostupné
2025-01-21 09:06:06.104746,**,reinštalácia zariadenia
2025-01-21 08:06:06.418593,x,znečisťujúca látka sa na tejto stanici nemeria
2025-01-21 08:06:06.418593,x,zlá,>100 - 180,>70 - 140,>180 - 240,>350 - 500,>10000 - 30000,>200 - 400
2025-01-21 08:06:06.418593,x,zhoršená,>40 - 100,>25 - 70,>65 - 180,>50 - 350,>2000 - 10000,>40 - 200
2025-01-21 08:06:06.418593,x,veľmi zlá,>180,>140,>240,>500,>30000,>400
2025-01-21 08:06:06.418593,x,veľmi dobrá,0 - 20,0 - 14,0 - 33,0 - 25,0 - 1000,0 - 20
2025-01-21 08:06:06.418593,x,dobrá,>20 - 40,>14 - 25,>33 - 65,>25- 50,>1000 - 2000,>20 - 40
2025-01-21 08:06:06.418593,\n\nHodnoty koncentrácie plynných ZL s výnimkou ortuti (Hg) sú uvedené v µg/m3 (mikrogramoch na meter kubický).\nHodnota ortuti (Hg) je uvedená v ng/m3 (nanogramoch na meter kubický).\nHodnoty všetkých plynných ZL sú prepočítané na štandardné stavové podmienky (teplota 20°C (29315 K) a tlak 101325 kPa).\nHodnoty koncentrácie aerosólov PM10 a PM25 sú uvedené v µg/m3 (mikrogramoch na meter kubický) pri podmienkach okolia.\nÚdaje sú nevalidované\n\n
2025-01-21 08:06:06.418593,PDL,pod detekčný limit
2025-01-21 08:06:06.418593,*,hodnoty pre túto znečisťujúcu látku nie sú momentálne dostupné
2025-01-21 08:06:06.418593,**,reinštalácia zariadenia
2025-01-21 07:06:04.574315,x,znečisťujúca látka sa na tejto stanici nemeria
2025-01-21 07:06:04.574315,x,zlá,>100 - 180,>70 - 140,>180 - 240,>350 - 500,>10000 - 30000,>200 - 400
2025-01-21 07:06:04.574315,x,zhoršená,>40 - 100,>25 - 70,>65 - 180,>50 - 350,>2000 - 10000,>40 - 200
2025-01-21 07:06:04.574315,x,veľmi zlá,>180,>140,>240,>500,>30000,>400
2025-01-21 07:06:04.574315,x,veľmi dobrá,0 - 20,0 - 14,0 - 33,0 - 25,0 - 1000,0 - 20
2025-01-21 07:06:04.574315,x,dobrá,>20 - 40,>14 - 25,>33 - 65,>25- 50,>1000 - 2000,>20 - 40
2025-01-21 07:06:04.574315,\n\nHodnoty koncentrácie plynných ZL s výnimkou ortuti (Hg) sú uvedené v µg/m3 (mikrogramoch na meter kubický).\nHodnota ortuti (Hg) je uvedená v ng/m3 (nanogramoch na meter kubický).\nHodnoty všetkých plynných ZL sú prepočítané na štandardné stavové podmienky (teplota 20°C (29315 K) a tlak 101325 kPa).\nHodnoty koncentrácie aerosólov PM10 a PM25 sú uvedené v µg/m3 (mikrogramoch na meter kubický) pri podmienkach okolia.\nÚdaje sú nevalidované\n\n
2025-01-21 07:06:04.574315,PDL,pod detekčný limit
2025-01-21 07:06:04.574315,*,hodnoty pre túto znečisťujúcu látku nie sú momentálne dostupné
2025-01-21 07:06:04.574315,**,reinštalácia zariadenia
2025-01-21 06:06:02.514268,x,znečisťujúca látka sa na tejto stanici nemeria
2025-01-21 06:06:02.514268,x,zlá,>100 - 180,>70 - 140,>180 - 240,>350 - 500,>10000 - 30000,>200 - 400
2025-01-21 06:06:02.514268,x,zhoršená,>40 - 100,>25 - 70,>65 - 180,>50 - 350,>2000 - 10000,>40 - 200
2025-01-21 06:06:02.514268,x,veľmi zlá,>180,>140,>240,>500,>30000,>400
2025-01-21 06:06:02.514268,x,veľmi dobrá,0 - 20,0 - 14,0 - 33,0 - 25,0 - 1000,0 - 20
2025-01-21 06:06:02.514268,x,dobrá,>20 - 40,>14 - 25,>33 - 65,>25- 50,>1000 - 2000,>20 - 40
2025-01-21 06:06:02.514268,\n\nHodnoty koncentrácie plynných ZL s výnimkou ortuti (Hg) sú uvedené v µg/m3 (mikrogramoch na meter kubický).\nHodnota ortuti (Hg) je uvedená v ng/m3 (nanogramoch na meter kubický).\nHodnoty všetkých plynných ZL sú prepočítané na štandardné stavové podmienky (teplota 20°C (29315 K) a tlak 101325 kPa).\nHodnoty koncentrácie aerosólov PM10 a PM25 sú uvedené v µg/m3 (mikrogramoch na meter kubický) pri podmienkach okolia.\nÚdaje sú nevalidované\n\n
2025-01-21 06:06:02.514268,PDL,pod detekčný limit
2025-01-21 06:06:02.514268,*,hodnoty pre túto znečisťujúcu látku nie sú momentálne dostupné
2025-01-21 06:06:02.514268,**,reinštalácia zariadenia
2025-01-21 05:06:06.601955,x,znečisťujúca látka sa na tejto stanici nemeria
2025-01-21 05:06:06.601955,x,zlá,>100 - 180,>70 - 140,>180 - 240,>350 - 500,>10000 - 30000,>200 - 400
2025-01-21 05:06:06.601955,x,zhoršená,>40 - 100,>25 - 70,>65 - 180,>50 - 350,>2000 - 10000,>40 - 200
2025-01-21 05:06:06.601955,x,veľmi zlá,>180,>140,>240,>500,>30000,>400
2025-01-21 05:06:06.601955,x,veľmi dobrá,0 - 20,0 - 14,0 - 33,0 - 25,0 - 1000,0 - 20
2025-01-21 05:06:06.601955,x,dobrá,>20 - 40,>14 - 25,>33 - 65,>25- 50,>1000 - 2000,>20 - 40
2025-01-21 05:06:06.601955,\n\nHodnoty koncentrácie plynných ZL s výnimkou ortuti (Hg) sú uvedené v µg/m3 (mikrogramoch na meter kubický).\nHodnota ortuti (Hg) je uvedená v ng/m3 (nanogramoch na meter kubický).\nHodnoty všetkých plynných ZL sú prepočítané na štandardné stavové podmienky (teplota 20°C (29315 K) a tlak 101325 kPa).\nHodnoty koncentrácie aerosólov PM10 a PM25 sú uvedené v µg/m3 (mikrogramoch na meter kubický) pri podmienkach okolia.\nÚdaje sú nevalidované\n\n
2025-01-21 05:06:06.601955,PDL,pod detekčný limit
2025-01-21 05:06:06.601955,*,hodnoty pre túto znečisťujúcu látku nie sú momentálne dostupné
2025-01-21 05:06:06.601955,**,reinštalácia zariadenia
2025-01-21 04:06:06.568003,x,znečisťujúca látka sa na tejto stanici nemeria
2025-01-21 04:06:06.568003,x,zlá,>100 - 180,>70 - 140,>180 - 240,>350 - 500,>10000 - 30000,>200 - 400
2025-01-21 04:06:06.568003,x,zhoršená,>40 - 100,>25 - 70,>65 - 180,>50 - 350,>2000 - 10000,>40 - 200
2025-01-21 04:06:06.568003,x,veľmi zlá,>180,>140,>240,>500,>30000,>400
2025-01-21 04:06:06.568003,x,veľmi dobrá,0 - 20,0 - 14,0 - 33,0 - 25,0 - 1000,0 - 20
2025-01-21 04:06:06.568003,x,dobrá,>20 - 40,>14 - 25,>33 - 65,>25- 50,>1000 - 2000,>20 - 40
2025-01-21 04:06:06.568003,\n\nHodnoty koncentrácie plynných ZL s výnimkou ortuti (Hg) sú uvedené v µg/m3 (mikrogramoch na meter kubický).\nHodnota ortuti (Hg) je uvedená v ng/m3 (nanogramoch na meter kubický).\nHodnoty všetkých plynných ZL sú prepočítané na štandardné stavové podmienky (teplota 20°C (29315 K) a tlak 101325 kPa).\nHodnoty koncentrácie aerosólov PM10 a PM25 sú uvedené v µg/m3 (mikrogramoch na meter kubický) pri podmienkach okolia.\nÚdaje sú nevalidované\n\n
2025-01-21 04:06:06.568003,PDL,pod detekčný limit
2025-01-21 04:06:06.568003,*,hodnoty pre túto znečisťujúcu látku nie sú momentálne dostupné
2025-01-21 04:06:06.568003,**,reinštalácia zariadenia
2025-01-21 03:06:07.112293,x,znečisťujúca látka sa na tejto stanici nemeria
2025-01-21 03:06:07.112293,x,zlá,>100 - 180,>70 - 140,>180 - 240,>350 - 500,>10000 - 30000,>200 - 400
2025-01-21 03:06:07.112293,x,zhoršená,>40 - 100,>25 - 70,>65 - 180,>50 - 350,>2000 - 10000,>40 - 200
2025-01-21 03:06:07.112293,x,veľmi zlá,>180,>140,>240,>500,>30000,>400
2025-01-21 03:06:07.112293,x,veľmi dobrá,0 - 20,0 - 14,0 - 33,0 - 25,0 - 1000,0 - 20
2025-01-21 03:06:07.112293,x,dobrá,>20 - 40,>14 - 25,>33 - 65,>25- 50,>1000 - 2000,>20 - 40
2025-01-21 03:06:07.112293,\n\nHodnoty koncentrácie plynných ZL s výnimkou ortuti (Hg) sú uvedené v µg/m3 (mikrogramoch na meter kubický).\nHodnota ortuti (Hg) je uvedená v ng/m3 (nanogramoch na meter kubický).\nHodnoty všetkých plynných ZL sú prepočítané na štandardné stavové podmienky (teplota 20°C (29315 K) a tlak 101325 kPa).\nHodnoty koncentrácie aerosólov PM10 a PM25 sú uvedené v µg/m3 (mikrogramoch na meter kubický) pri podmienkach okolia.\nÚdaje sú nevalidované\n\n
2025-01-21 03:06:07.112293,PDL,pod detekčný limit
2025-01-21 03:06:07.112293,*,hodnoty pre túto znečisťujúcu látku nie sú momentálne dostupné
2025-01-21 03:06:07.112293,**,reinštalácia zariadenia
2025-01-21 02:06:08.511216,x,znečisťujúca látka sa na tejto stanici nemeria
2025-01-21 02:06:08.511216,x,zlá,>100 - 180,>70 - 140,>180 - 240,>350 - 500,>10000 - 30000,>200 - 400
2025-01-21 02:06:08.511216,x,zhoršená,>40 - 100,>25 - 70,>65 - 180,>50 - 350,>2000 - 10000,>40 - 200
2025-01-21 02:06:08.511216,x,veľmi zlá,>180,>140,>240,>500,>30000,>400
2025-01-21 02:06:08.511216,x,veľmi dobrá,0 - 20,0 - 14,0 - 33,0 - 25,0 - 1000,0 - 20
2025-01-21 02:06:08.511216,x,dobrá,>20 - 40,>14 - 25,>33 - 65,>25- 50,>1000 - 2000,>20 - 40
2025-01-21 02:06:08.511216,\n\nHodnoty koncentrácie plynných ZL s výnimkou ortuti (Hg) sú uvedené v µg/m3 (mikrogramoch na meter kubický).\nHodnota ortuti (Hg) je uvedená v ng/m3 (nanogramoch na meter kubický).\nHodnoty všetkých plynných ZL sú prepočítané na štandardné stavové podmienky (teplota 20°C (29315 K) a tlak 101325 kPa).\nHodnoty koncentrácie aerosólov PM10 a PM25 sú uvedené v µg/m3 (mikrogramoch na meter kubický) pri podmienkach okolia.\nÚdaje sú nevalidované\n\n
2025-01-21 02:06:08.511216,PDL,pod detekčný limit
2025-01-21 02:06:08.511216,*,hodnoty pre túto znečisťujúcu látku nie sú momentálne dostupné
2025-01-21 02:06:08.511216,**,reinštalácia zariadenia
2025-01-21 01:06:06.037026,x,znečisťujúca látka sa na tejto stanici nemeria
2025-01-21 01:06:06.037026,x,zlá,>100 - 180,>70 - 140,>180 - 240,>350 - 500,>10000 - 30000,>200 - 400
2025-01-21 01:06:06.037026,x,zhoršená,>40 - 100,>25 - 70,>65 - 180,>50 - 350,>2000 - 10000,>40 - 200
2025-01-21 01:06:06.037026,x,veľmi zlá,>180,>140,>240,>500,>30000,>400
2025-01-21 01:06:06.037026,x,veľmi dobrá,0 - 20,0 - 14,0 - 33,0 - 25,0 - 1000,0 - 20
2025-01-21 01:06:06.037026,x,dobrá,>20 - 40,>14 - 25,>33 - 65,>25- 50,>1000 - 2000,>20 - 40
2025-01-21 01:06:06.037026,\n\nHodnoty koncentrácie plynných ZL s výnimkou ortuti (Hg) sú uvedené v µg/m3 (mikrogramoch na meter kubický).\nHodnota ortuti (Hg) je uvedená v ng/m3 (nanogramoch na meter kubický).\nHodnoty všetkých plynných ZL sú prepočítané na štandardné stavové podmienky (teplota 20°C (29315 K) a tlak 101325 kPa).\nHodnoty koncentrácie aerosólov PM10 a PM25 sú uvedené v µg/m3 (mikrogramoch na meter kubický) pri podmienkach okolia.\nÚdaje sú nevalidované\n\n
2025-01-21 01:06:06.037026,PDL,pod detekčný limit
2025-01-21 01:06:06.037026,*,hodnoty pre túto znečisťujúcu látku nie sú momentálne dostupné
2025-01-21 01:06:06.037026,**,reinštalácia zariadenia
2025-01-21 00:06:06.066385,x,znečisťujúca látka sa na tejto stanici nemeria
2025-01-21 00:06:06.066385,x,zlá,>100 - 180,>70 - 140,>180 - 240,>350 - 500,>10000 - 30000,>200 - 400
2025-01-21 00:06:06.066385,x,zhoršená,>40 - 100,>25 - 70,>65 - 180,>50 - 350,>2000 - 10000,>40 - 200
2025-01-21 00:06:06.066385,x,veľmi zlá,>180,>140,>240,>500,>30000,>400
2025-01-21 00:06:06.066385,x,veľmi dobrá,0 - 20,0 - 14,0 - 33,0 - 25,0 - 1000,0 - 20
2025-01-21 00:06:06.066385,x,dobrá,>20 - 40,>14 - 25,>33 - 65,>25- 50,>1000 - 2000,>20 - 40
2025-01-21 00:06:06.066385,\n\nHodnoty koncentrácie plynných ZL s výnimkou ortuti (Hg) sú uvedené v µg/m3 (mikrogramoch na meter kubický).\nHodnota ortuti (Hg) je uvedená v ng/m3 (nanogramoch na meter kubický).\nHodnoty všetkých plynných ZL sú prepočítané na štandardné stavové podmienky (teplota 20°C (29315 K) a tlak 101325 kPa).\nHodnoty koncentrácie aerosólov PM10 a PM25 sú uvedené v µg/m3 (mikrogramoch na meter kubický) pri podmienkach okolia.\nÚdaje sú nevalidované\n\n
2025-01-21 00:06:06.066385,PDL,pod detekčný limit
2025-01-21 00:06:06.066385,*,hodnoty pre túto znečisťujúcu látku nie sú momentálne dostupné
2025-01-21 00:06:06.066385,**,reinštalácia zariadenia
2025-01-20 23:06:06.856404,x,znečisťujúca látka sa na tejto stanici nemeria
2025-01-20 23:06:06.856404,x,zlá,>100 - 180,>70 - 140,>180 - 240,>350 - 500,>10000 - 30000,>200 - 400
2025-01-20 23:06:06.856404,x,zhoršená,>40 - 100,>25 - 70,>65 - 180,>50 - 350,>2000 - 10000,>40 - 200
2025-01-20 23:06:06.856404,x,veľmi zlá,>180,>140,>240,>500,>30000,>400
2025-01-20 23:06:06.856404,x,veľmi dobrá,0 - 20,0 - 14,0 - 33,0 - 25,0 - 1000,0 - 20
2025-01-20 23:06:06.856404,x,dobrá,>20 - 40,>14 - 25,>33 - 65,>25- 50,>1000 - 2000,>20 - 40
2025-01-20 23:06:06.856404,\n\nHodnoty koncentrácie plynných ZL s výnimkou ortuti (Hg) sú uvedené v µg/m3 (mikrogramoch na meter kubický).\nHodnota ortuti (Hg) je uvedená v ng/m3 (nanogramoch na meter kubický).\nHodnoty všetkých plynných ZL sú prepočítané na štandardné stavové podmienky (teplota 20°C (29315 K) a tlak 101325 kPa).\nHodnoty koncentrácie aerosólov PM10 a PM25 sú uvedené v µg/m3 (mikrogramoch na meter kubický) pri podmienkach okolia.\nÚdaje sú nevalidované\n\n
2025-01-20 23:06:06.856404,PDL,pod detekčný limit
2025-01-20 23:06:06.856404,*,hodnoty pre túto znečisťujúcu látku nie sú momentálne dostupné
2025-01-20 23:06:06.856404,**,reinštalácia zariadenia
2025-01-20 22:06:07.059918,x,znečisťujúca látka sa na tejto stanici nemeria
2025-01-20 22:06:07.059918,x,zlá,>100 - 180,>70 - 140,>180 - 240,>350 - 500,>10000 - 30000,>200 - 400
2025-01-20 22:06:07.059918,x,zhoršená,>40 - 100,>25 - 70,>65 - 180,>50 - 350,>2000 - 10000,>40 - 200
2025-01-20 22:06:07.059918,x,veľmi zlá,>180,>140,>240,>500,>30000,>400
2025-01-20 22:06:07.059918,x,veľmi dobrá,0 - 20,0 - 14,0 - 33,0 - 25,0 - 1000,0 - 20
2025-01-20 22:06:07.059918,x,dobrá,>20 - 40,>14 - 25,>33 - 65,>25- 50,>1000 - 2000,>20 - 40
2025-01-20 22:06:07.059918,\n\nHodnoty koncentrácie plynných ZL s výnimkou ortuti (Hg) sú uvedené v µg/m3 (mikrogramoch na meter kubický).\nHodnota ortuti (Hg) je uvedená v ng/m3 (nanogramoch na meter kubický).\nHodnoty všetkých plynných ZL sú prepočítané na štandardné stavové podmienky (teplota 20°C (29315 K) a tlak 101325 kPa).\nHodnoty koncentrácie aerosólov PM10 a PM25 sú uvedené v µg/m3 (mikrogramoch na meter kubický) pri podmienkach okolia.\nÚdaje sú nevalidované\n\n
2025-01-20 22:06:07.059918,PDL,pod detekčný limit
2025-01-20 22:06:07.059918,*,hodnoty pre túto znečisťujúcu látku nie sú momentálne dostupné
2025-01-20 22:06:07.059918,**,reinštalácia zariadenia
2025-01-20 21:06:06.122891,x,znečisťujúca látka sa na tejto stanici nemeria
2025-01-20 21:06:06.122891,x,zlá,>100 - 180,>70 - 140,>180 - 240,>350 - 500,>10000 - 30000,>200 - 400
2025-01-20 21:06:06.122891,x,zhoršená,>40 - 100,>25 - 70,>65 - 180,>50 - 350,>2000 - 10000,>40 - 200
2025-01-20 21:06:06.122891,x,veľmi zlá,>180,>140,>240,>500,>30000,>400
2025-01-20 21:06:06.122891,x,veľmi dobrá,0 - 20,0 - 14,0 - 33,0 - 25,0 - 1000,0 - 20
2025-01-20 21:06:06.122891,x,dobrá,>20 - 40,>14 - 25,>33 - 65,>25- 50,>1000 - 2000,>20 - 40
2025-01-20 21:06:06.122891,\n\nHodnoty koncentrácie plynných ZL s výnimkou ortuti (Hg) sú uvedené v µg/m3 (mikrogramoch na meter kubický).\nHodnota ortuti (Hg) je uvedená v ng/m3 (nanogramoch na meter kubický).\nHodnoty všetkých plynných ZL sú prepočítané na štandardné stavové podmienky (teplota 20°C (29315 K) a tlak 101325 kPa).\nHodnoty koncentrácie aerosólov PM10 a PM25 sú uvedené v µg/m3 (mikrogramoch na meter kubický) pri podmienkach okolia.\nÚdaje sú nevalidované\n\n
2025-01-20 21:06:06.122891,PDL,pod detekčný limit
2025-01-20 21:06:06.122891,*,hodnoty pre túto znečisťujúcu látku nie sú momentálne dostupné
2025-01-20 21:06:06.122891,**,reinštalácia zariadenia
2025-01-20 20:06:06.754643,x,znečisťujúca látka sa na tejto stanici nemeria
2025-01-20 20:06:06.754643,x,zlá,>100 - 180,>70 - 140,>180 - 240,>350 - 500,>10000 - 30000,>200 - 400
2025-01-20 20:06:06.754643,x,zhoršená,>40 - 100,>25 - 70,>65 - 180,>50 - 350,>2000 - 10000,>40 - 200
2025-01-20 20:06:06.754643,x,veľmi zlá,>180,>140,>240,>500,>30000,>400
2025-01-20 20:06:06.754643,x,veľmi dobrá,0 - 20,0 - 14,0 - 33,0 - 25,0 - 1000,0 - 20
2025-01-20 20:06:06.754643,x,dobrá,>20 - 40,>14 - 25,>33 - 65,>25- 50,>1000 - 2000,>20 - 40
2025-01-20 20:06:06.754643,\n\nHodnoty koncentrácie plynných ZL s výnimkou ortuti (Hg) sú uvedené v µg/m3 (mikrogramoch na meter kubický).\nHodnota ortuti (Hg) je uvedená v ng/m3 (nanogramoch na meter kubický).\nHodnoty všetkých plynných ZL sú prepočítané na štandardné stavové podmienky (teplota 20°C (29315 K) a tlak 101325 kPa).\nHodnoty koncentrácie aerosólov PM10 a PM25 sú uvedené v µg/m3 (mikrogramoch na meter kubický) pri podmienkach okolia.\nÚdaje sú nevalidované\n\n
2025-01-20 20:06:06.754643,PDL,pod detekčný limit
2025-01-20 20:06:06.754643,*,hodnoty pre túto znečisťujúcu látku nie sú momentálne dostupné
2025-01-20 20:06:06.754643,**,reinštalácia zariadenia
2025-01-20 19:06:06.731983,x,znečisťujúca látka sa na tejto stanici nemeria
2025-01-20 19:06:06.731983,x,zlá,>100 - 180,>70 - 140,>180 - 240,>350 - 500,>10000 - 30000,>200 - 400
2025-01-20 19:06:06.731983,x,zhoršená,>40 - 100,>25 - 70,>65 - 180,>50 - 350,>2000 - 10000,>40 - 200
2025-01-20 19:06:06.731983,x,veľmi zlá,>180,>140,>240,>500,>30000,>400
2025-01-20 19:06:06.731983,x,veľmi dobrá,0 - 20,0 - 14,0 - 33,0 - 25,0 - 1000,0 - 20
2025-01-20 19:06:06.731983,x,dobrá,>20 - 40,>14 - 25,>33 - 65,>25- 50,>1000 - 2000,>20 - 40
2025-01-20 19:06:06.731983,\n\nHodnoty koncentrácie plynných ZL s výnimkou ortuti (Hg) sú uvedené v µg/m3 (mikrogramoch na meter kubický).\nHodnota ortuti (Hg) je uvedená v ng/m3 (nanogramoch na meter kubický).\nHodnoty všetkých plynných ZL sú prepočítané na štandardné stavové podmienky (teplota 20°C (29315 K) a tlak 101325 kPa).\nHodnoty koncentrácie aerosólov PM10 a PM25 sú uvedené v µg/m3 (mikrogramoch na meter kubický) pri podmienkach okolia.\nÚdaje sú nevalidované\n\n
2025-01-20 19:06:06.731983,PDL,pod detekčný limit
2025-01-20 19:06:06.731983,*,hodnoty pre túto znečisťujúcu látku nie sú momentálne dostupné
2025-01-20 19:06:06.731983,**,reinštalácia zariadenia
2025-01-20 18:06:06.160867,x,znečisťujúca látka sa na tejto stanici nemeria
2025-01-20 18:06:06.160867,x,zlá,>100 - 180,>70 - 140,>180 - 240,>350 - 500,>10000 - 30000,>200 - 400
2025-01-20 18:06:06.160867,x,zhoršená,>40 - 100,>25 - 70,>65 - 180,>50 - 350,>2000 - 10000,>40 - 200
2025-01-20 18:06:06.160867,x,veľmi zlá,>180,>140,>240,>500,>30000,>400
2025-01-20 18:06:06.160867,x,veľmi dobrá,0 - 20,0 - 14,0 - 33,0 - 25,0 - 1000,0 - 20
2025-01-20 18:06:06.160867,x,dobrá,>20 - 40,>14 - 25,>33 - 65,>25- 50,>1000 - 2000,>20 - 40
2025-01-20 18:06:06.160867,\n\nHodnoty koncentrácie plynných ZL s výnimkou ortuti (Hg) sú uvedené v µg/m3 (mikrogramoch na meter kubický).\nHodnota ortuti (Hg) je uvedená v ng/m3 (nanogramoch na meter kubický).\nHodnoty všetkých plynných ZL sú prepočítané na štandardné stavové podmienky (teplota 20°C (29315 K) a tlak 101325 kPa).\nHodnoty koncentrácie aerosólov PM10 a PM25 sú uvedené v µg/m3 (mikrogramoch na meter kubický) pri podmienkach okolia.\nÚdaje sú nevalidované\n\n
2025-01-20 18:06:06.160867,PDL,pod detekčný limit
2025-01-20 18:06:06.160867,*,hodnoty pre túto znečisťujúcu látku nie sú momentálne dostupné
2025-01-20 18:06:06.160867,**,reinštalácia zariadenia
2025-01-20 17:06:07.118421,x,znečisťujúca látka sa na tejto stanici nemeria
2025-01-20 17:06:07.118421,x,zlá,>100 - 180,>70 - 140,>180 - 240,>350 - 500,>10000 - 30000,>200 - 400
2025-01-20 17:06:07.118421,x,zhoršená,>40 - 100,>25 - 70,>65 - 180,>50 - 350,>2000 - 10000,>40 - 200
2025-01-20 17:06:07.118421,x,veľmi zlá,>180,>140,>240,>500,>30000,>400
2025-01-20 17:06:07.118421,x,veľmi dobrá,0 - 20,0 - 14,0 - 33,0 - 25,0 - 1000,0 - 20
2025-01-20 17:06:07.118421,x,dobrá,>20 - 40,>14 - 25,>33 - 65,>25- 50,>1000 - 2000,>20 - 40
2025-01-20 17:06:07.118421,\n\nHodnoty koncentrácie plynných ZL s výnimkou ortuti (Hg) sú uvedené v µg/m3 (mikrogramoch na meter kubický).\nHodnota ortuti (Hg) je uvedená v ng/m3 (nanogramoch na meter kubický).\nHodnoty všetkých plynných ZL sú prepočítané na štandardné stavové podmienky (teplota 20°C (29315 K) a tlak 101325 kPa).\nHodnoty koncentrácie aerosólov PM10 a PM25 sú uvedené v µg/m3 (mikrogramoch na meter kubický) pri podmienkach okolia.\nÚdaje sú nevalidované\n\n
2025-01-20 17:06:07.118421,PDL,pod detekčný limit
2025-01-20 17:06:07.118421,*,hodnoty pre túto znečisťujúcu látku nie sú momentálne dostupné
2025-01-20 17:06:07.118421,**,reinštalácia zariadenia
2025-01-20 16:06:06.513108,x,znečisťujúca látka sa na tejto stanici nemeria
2025-01-20 16:06:06.513108,x,zlá,>100 - 180,>70 - 140,>180 - 240,>350 - 500,>10000 - 30000,>200 - 400
2025-01-20 16:06:06.513108,x,zhoršená,>40 - 100,>25 - 70,>65 - 180,>50 - 350,>2000 - 10000,>40 - 200
2025-01-20 16:06:06.513108,x,veľmi zlá,>180,>140,>240,>500,>30000,>400
2025-01-20 16:06:06.513108,x,veľmi dobrá,0 - 20,0 - 14,0 - 33,0 - 25,0 - 1000,0 - 20
2025-01-20 16:06:06.513108,x,dobrá,>20 - 40,>14 - 25,>33 - 65,>25- 50,>1000 - 2000,>20 - 40
2025-01-20 16:06:06.513108,\n\nHodnoty koncentrácie plynných ZL s výnimkou ortuti (Hg) sú uvedené v µg/m3 (mikrogramoch na meter kubický).\nHodnota ortuti (Hg) je uvedená v ng/m3 (nanogramoch na meter kubický).\nHodnoty všetkých plynných ZL sú prepočítané na štandardné stavové podmienky (teplota 20°C (29315 K) a tlak 101325 kPa).\nHodnoty koncentrácie aerosólov PM10 a PM25 sú uvedené v µg/m3 (mikrogramoch na meter kubický) pri podmienkach okolia.\nÚdaje sú nevalidované\n\n
2025-01-20 16:06:06.513108,PDL,pod detekčný limit
2025-01-20 16:06:06.513108,*,hodnoty pre túto znečisťujúcu látku nie sú momentálne dostupné
2025-01-20 16:06:06.513108,**,reinštalácia zariadenia
2025-01-20 15:06:06.088923,x,znečisťujúca látka sa na tejto stanici nemeria
2025-01-20 15:06:06.088923,x,zlá,>100 - 180,>70 - 140,>180 - 240,>350 - 500,>10000 - 30000,>200 - 400
2025-01-20 15:06:06.088923,x,zhoršená,>40 - 100,>25 - 70,>65 - 180,>50 - 350,>2000 - 10000,>40 - 200
2025-01-20 15:06:06.088923,x,veľmi zlá,>180,>140,>240,>500,>30000,>400
2025-01-20 15:06:06.088923,x,veľmi dobrá,0 - 20,0 - 14,0 - 33,0 - 25,0 - 1000,0 - 20
2025-01-20 15:06:06.088923,x,dobrá,>20 - 40,>14 - 25,>33 - 65,>25- 50,>1000 - 2000,>20 - 40
2025-01-20 15:06:06.088923,\n\nHodnoty koncentrácie plynných ZL s výnimkou ortuti (Hg) sú uvedené v µg/m3 (mikrogramoch na meter kubický).\nHodnota ortuti (Hg) je uvedená v ng/m3 (nanogramoch na meter kubický).\nHodnoty všetkých plynných ZL sú prepočítané na štandardné stavové podmienky (teplota 20°C (29315 K) a tlak 101325 kPa).\nHodnoty koncentrácie aerosólov PM10 a PM25 sú uvedené v µg/m3 (mikrogramoch na meter kubický) pri podmienkach okolia.\nÚdaje sú nevalidované\n\n
2025-01-20 15:06:06.088923,PDL,pod detekčný limit
2025-01-20 15:06:06.088923,*,hodnoty pre túto znečisťujúcu látku nie sú momentálne dostupné
2025-01-20 15:06:06.088923,**,reinštalácia zariadenia
2025-01-20 14:06:04.439991,x,znečisťujúca látka sa na tejto stanici nemeria
2025-01-20 14:06:04.439991,x,zlá,>100 - 180,>70 - 140,>180 - 240,>350 - 500,>10000 - 30000,>200 - 400
2025-01-20 14:06:04.439991,x,zhoršená,>40 - 100,>25 - 70,>65 - 180,>50 - 350,>2000 - 10000,>40 - 200
2025-01-20 14:06:04.439991,x,veľmi zlá,>180,>140,>240,>500,>30000,>400
2025-01-20 14:06:04.439991,x,veľmi dobrá,0 - 20,0 - 14,0 - 33,0 - 25,0 - 1000,0 - 20
2025-01-20 14:06:04.439991,x,dobrá,>20 - 40,>14 - 25,>33 - 65,>25- 50,>1000 - 2000,>20 - 40
2025-01-20 14:06:04.439991,\n\nHodnoty koncentrácie plynných ZL s výnimkou ortuti (Hg) sú uvedené v µg/m3 (mikrogramoch na meter kubický).\nHodnota ortuti (Hg) je uvedená v ng/m3 (nanogramoch na meter kubický).\nHodnoty všetkých plynných ZL sú prepočítané na štandardné stavové podmienky (teplota 20°C (29315 K) a tlak 101325 kPa).\nHodnoty koncentrácie aerosólov PM10 a PM25 sú uvedené v µg/m3 (mikrogramoch na meter kubický) pri podmienkach okolia.\nÚdaje sú nevalidované\n\n
2025-01-20 14:06:04.439991,PDL,pod detekčný limit
2025-01-20 14:06:04.439991,*,hodnoty pre túto znečisťujúcu látku nie sú momentálne dostupné
2025-01-20 14:06:04.439991,**,reinštalácia zariadenia
2025-01-20 13:06:05.927809,x,znečisťujúca látka sa na tejto stanici nemeria
2025-01-20 13:06:05.927809,x,zlá,>100 - 180,>70 - 140,>180 - 240,>350 - 500,>10000 - 30000,>200 - 400
2025-01-20 13:06:05.927809,x,zhoršená,>40 - 100,>25 - 70,>65 - 180,>50 - 350,>2000 - 10000,>40 - 200
2025-01-20 13:06:05.927809,x,veľmi zlá,>180,>140,>240,>500,>30000,>400
2025-01-20 13:06:05.927809,x,veľmi dobrá,0 - 20,0 - 14,0 - 33,0 - 25,0 - 1000,0 - 20
2025-01-20 13:06:05.927809,x,dobrá,>20 - 40,>14 - 25,>33 - 65,>25- 50,>1000 - 2000,>20 - 40
2025-01-20 13:06:05.927809,\n\nHodnoty koncentrácie plynných ZL s výnimkou ortuti (Hg) sú uvedené v µg/m3 (mikrogramoch na meter kubický).\nHodnota ortuti (Hg) je uvedená v ng/m3 (nanogramoch na meter kubický).\nHodnoty všetkých plynných ZL sú prepočítané na štandardné stavové podmienky (teplota 20°C (29315 K) a tlak 101325 kPa).\nHodnoty koncentrácie aerosólov PM10 a PM25 sú uvedené v µg/m3 (mikrogramoch na meter kubický) pri podmienkach okolia.\nÚdaje sú nevalidované\n\n
2025-01-20 13:06:05.927809,PDL,pod detekčný limit
2025-01-20 13:06:05.927809,*,hodnoty pre túto znečisťujúcu látku nie sú momentálne dostupné
2025-01-20 13:06:05.927809,**,reinštalácia zariadenia
2025-01-20 12:06:06.026400,x,znečisťujúca látka sa na tejto stanici nemeria
2025-01-20 12:06:06.026400,x,zlá,>100 - 180,>70 - 140,>180 - 240,>350 - 500,>10000 - 30000,>200 - 400
2025-01-20 12:06:06.026400,x,zhoršená,>40 - 100,>25 - 70,>65 - 180,>50 - 350,>2000 - 10000,>40 - 200
2025-01-20 12:06:06.026400,x,veľmi zlá,>180,>140,>240,>500,>30000,>400
2025-01-20 12:06:06.026400,x,veľmi dobrá,0 - 20,0 - 14,0 - 33,0 - 25,0 - 1000,0 - 20
2025-01-20 12:06:06.026400,x,dobrá,>20 - 40,>14 - 25,>33 - 65,>25- 50,>1000 - 2000,>20 - 40
2025-01-20 12:06:06.026400,\n\nHodnoty koncentrácie plynných ZL s výnimkou ortuti (Hg) sú uvedené v µg/m3 (mikrogramoch na meter kubický).\nHodnota ortuti (Hg) je uvedená v ng/m3 (nanogramoch na meter kubický).\nHodnoty všetkých plynných ZL sú prepočítané na štandardné stavové podmienky (teplota 20°C (29315 K) a tlak 101325 kPa).\nHodnoty koncentrácie aerosólov PM10 a PM25 sú uvedené v µg/m3 (mikrogramoch na meter kubický) pri podmienkach okolia.\nÚdaje sú nevalidované\n\n
2025-01-20 12:06:06.026400,PDL,pod detekčný limit
2025-01-20 12:06:06.026400,*,hodnoty pre túto znečisťujúcu látku nie sú momentálne dostupné
2025-01-20 12:06:06.026400,**,reinštalácia zariadenia
2025-01-20 11:06:06.451361,x,znečisťujúca látka sa na tejto stanici nemeria
2025-01-20 11:06:06.451361,x,zlá,>100 - 180,>70 - 140,>180 - 240,>350 - 500,>10000 - 30000,>200 - 400
2025-01-20 11:06:06.451361,x,zhoršená,>40 - 100,>25 - 70,>65 - 180,>50 - 350,>2000 - 10000,>40 - 200
2025-01-20 11:06:06.451361,x,veľmi zlá,>180,>140,>240,>500,>30000,>400
2025-01-20 11:06:06.451361,x,veľmi dobrá,0 - 20,0 - 14,0 - 33,0 - 25,0 - 1000,0 - 20
2025-01-20 11:06:06.451361,x,dobrá,>20 - 40,>14 - 25,>33 - 65,>25- 50,>1000 - 2000,>20 - 40
2025-01-20 11:06:06.451361,\n\nHodnoty koncentrácie plynných ZL s výnimkou ortuti (Hg) sú uvedené v µg/m3 (mikrogramoch na meter kubický).\nHodnota ortuti (Hg) je uvedená v ng/m3 (nanogramoch na meter kubický).\nHodnoty všetkých plynných ZL sú prepočítané na štandardné stavové podmienky (teplota 20°C (29315 K) a tlak 101325 kPa).\nHodnoty koncentrácie aerosólov PM10 a PM25 sú uvedené v µg/m3 (mikrogramoch na meter kubický) pri podmienkach okolia.\nÚdaje sú nevalidované\n\n
2025-01-20 11:06:06.451361,PDL,pod detekčný limit
2025-01-20 11:06:06.451361,*,hodnoty pre túto znečisťujúcu látku nie sú momentálne dostupné
2025-01-20 11:06:06.451361,**,reinštalácia zariadenia
2025-01-20 10:06:06.716016,x,znečisťujúca látka sa na tejto stanici nemeria
2025-01-20 10:06:06.716016,x,zlá,>100 - 180,>70 - 140,>180 - 240,>350 - 500,>10000 - 30000,>200 - 400
2025-01-20 10:06:06.716016,x,zhoršená,>40 - 100,>25 - 70,>65 - 180,>50 - 350,>2000 - 10000,>40 - 200
2025-01-20 10:06:06.716016,x,veľmi zlá,>180,>140,>240,>500,>30000,>400
2025-01-20 10:06:06.716016,x,veľmi dobrá,0 - 20,0 - 14,0 - 33,0 - 25,0 - 1000,0 - 20
2025-01-20 10:06:06.716016,x,dobrá,>20 - 40,>14 - 25,>33 - 65,>25- 50,>1000 - 2000,>20 - 40
2025-01-20 10:06:06.716016,\n\nHodnoty koncentrácie plynných ZL s výnimkou ortuti (Hg) sú uvedené v µg/m3 (mikrogramoch na meter kubický).\nHodnota ortuti (Hg) je uvedená v ng/m3 (nanogramoch na meter kubický).\nHodnoty všetkých plynných ZL sú prepočítané na štandardné stavové podmienky (teplota 20°C (29315 K) a tlak 101325 kPa).\nHodnoty koncentrácie aerosólov PM10 a PM25 sú uvedené v µg/m3 (mikrogramoch na meter kubický) pri podmienkach okolia.\nÚdaje sú nevalidované\n\n
2025-01-20 10:06:06.716016,PDL,pod detekčný limit
2025-01-20 10:06:06.716016,*,hodnoty pre túto znečisťujúcu látku nie sú momentálne dostupné
2025-01-20 10:06:06.716016,**,reinštalácia zariadenia
2025-01-20 09:06:05.546318,x,znečisťujúca látka sa na tejto stanici nemeria
2025-01-20 09:06:05.546318,x,zlá,>100 - 180,>70 - 140,>180 - 240,>350 - 500,>10000 - 30000,>200 - 400
2025-01-20 09:06:05.546318,x,zhoršená,>40 - 100,>25 - 70,>65 - 180,>50 - 350,>2000 - 10000,>40 - 200
2025-01-20 09:06:05.546318,x,veľmi zlá,>180,>140,>240,>500,>30000,>400
2025-01-20 09:06:05.546318,x,veľmi dobrá,0 - 20,0 - 14,0 - 33,0 - 25,0 - 1000,0 - 20
2025-01-20 09:06:05.546318,x,dobrá,>20 - 40,>14 - 25,>33 - 65,>25- 50,>1000 - 2000,>20 - 40
2025-01-20 09:06:05.546318,\n\nHodnoty koncentrácie plynných ZL s výnimkou ortuti (Hg) sú uvedené v µg/m3 (mikrogramoch na meter kubický).\nHodnota ortuti (Hg) je uvedená v ng/m3 (nanogramoch na meter kubický).\nHodnoty všetkých plynných ZL sú prepočítané na štandardné stavové podmienky (teplota 20°C (29315 K) a tlak 101325 kPa).\nHodnoty koncentrácie aerosólov PM10 a PM25 sú uvedené v µg/m3 (mikrogramoch na meter kubický) pri podmienkach okolia.\nÚdaje sú nevalidované\n\n
2025-01-20 09:06:05.546318,PDL,pod detekčný limit
2025-01-20 09:06:05.546318,*,hodnoty pre túto znečisťujúcu látku nie sú momentálne dostupné
2025-01-20 09:06:05.546318,**,reinštalácia zariadenia
2025-01-20 08:06:06.224181,x,znečisťujúca látka sa na tejto stanici nemeria
2025-01-20 08:06:06.224181,x,zlá,>100 - 180,>70 - 140,>180 - 240,>350 - 500,>10000 - 30000,>200 - 400
2025-01-20 08:06:06.224181,x,zhoršená,>40 - 100,>25 - 70,>65 - 180,>50 - 350,>2000 - 10000,>40 - 200
2025-01-20 08:06:06.224181,x,veľmi zlá,>180,>140,>240,>500,>30000,>400
2025-01-20 08:06:06.224181,x,veľmi dobrá,0 - 20,0 - 14,0 - 33,0 - 25,0 - 1000,0 - 20
2025-01-20 08:06:06.224181,x,dobrá,>20 - 40,>14 - 25,>33 - 65,>25- 50,>1000 - 2000,>20 - 40
2025-01-20 08:06:06.224181,\n\nHodnoty koncentrácie plynných ZL s výnimkou ortuti (Hg) sú uvedené v µg/m3 (mikrogramoch na meter kubický).\nHodnota ortuti (Hg) je uvedená v ng/m3 (nanogramoch na meter kubický).\nHodnoty všetkých plynných ZL sú prepočítané na štandardné stavové podmienky (teplota 20°C (29315 K) a tlak 101325 kPa).\nHodnoty koncentrácie aerosólov PM10 a PM25 sú uvedené v µg/m3 (mikrogramoch na meter kubický) pri podmienkach okolia.\nÚdaje sú nevalidované\n\n
2025-01-20 08:06:06.224181,PDL,pod detekčný limit
2025-01-20 08:06:06.224181,*,hodnoty pre túto znečisťujúcu látku nie sú momentálne dostupné
2025-01-20 08:06:06.224181,**,reinštalácia zariadenia
2025-01-20 07:06:03.224243,x,znečisťujúca látka sa na tejto stanici nemeria
2025-01-20 07:06:03.224243,x,zlá,>100 - 180,>70 - 140,>180 - 240,>350 - 500,>10000 - 30000,>200 - 400
2025-01-20 07:06:03.224243,x,zhoršená,>40 - 100,>25 - 70,>65 - 180,>50 - 350,>2000 - 10000,>40 - 200
2025-01-20 07:06:03.224243,x,veľmi zlá,>180,>140,>240,>500,>30000,>400
2025-01-20 07:06:03.224243,x,veľmi dobrá,0 - 20,0 - 14,0 - 33,0 - 25,0 - 1000,0 - 20
2025-01-20 07:06:03.224243,x,dobrá,>20 - 40,>14 - 25,>33 - 65,>25- 50,>1000 - 2000,>20 - 40
2025-01-20 07:06:03.224243,\n\nHodnoty koncentrácie plynných ZL s výnimkou ortuti (Hg) sú uvedené v µg/m3 (mikrogramoch na meter kubický).\nHodnota ortuti (Hg) je uvedená v ng/m3 (nanogramoch na meter kubický).\nHodnoty všetkých plynných ZL sú prepočítané na štandardné stavové podmienky (teplota 20°C (29315 K) a tlak 101325 kPa).\nHodnoty koncentrácie aerosólov PM10 a PM25 sú uvedené v µg/m3 (mikrogramoch na meter kubický) pri podmienkach okolia.\nÚdaje sú nevalidované\n\n
2025-01-20 07:06:03.224243,PDL,pod detekčný limit
2025-01-20 07:06:03.224243,*,hodnoty pre túto znečisťujúcu látku nie sú momentálne dostupné
2025-01-20 07:06:03.224243,**,reinštalácia zariadenia
